SA,IA,FZ,FY,TSTC,FX,SR,P
-12,0,-250,748.9339891,55,0,0,55.2
-5,0,-250,754.9902115,55,0,0,55.2
-0,0,-250,760.8662859,55,0,0,55.2
5,0,-250,766.5604573,55,0,0,55.2
10,0,-250,772.0710125,55,0,0,55.2
7,0,-250,777.3962814,55,0,0,55.2
